revenue,growth_rate,burn_rate,market_size,competition_score,founder_experience,funding_stage,sector,team_size,patents,prev_exits,risk_level,success
1783494.99,54.05,262591.08,701561570.38,1.19,19.4,Series B,DeepTech,39,1,3,0,1
759183.88,33.09,127286.96,81303278.82,5.2,17.2,Series C,FinTech,40,1,3,0,1
865641.74,43.51,31205.62,37797124.56,4.52,3.64,Series B,HealthTech,7,5,1,0,0
317858.54,84.35,34001.35,16839201.18,6.13,10.42,Series C,LogisTech,54,1,0,0,1
1353917.66,6.41,616382.31,18646587.57,8.77,12.47,Seed,FinTech,49,5,3,1,0
4032954.18,60.85,40108.99,212895561.43,3.3,0.81,Seed,HealthTech,78,2,2,0,1
4114849.34,69.57,19382.1,87356279.2,9.49,11.98,Series A,DeepTech,29,1,1,1,1
5866307.66,40.96,1274154.27,85440427.86,9.06,6.36,Pre-Seed,FinTech,28,5,0,1,0
1166944.66,42.9,97336.39,19708963.62,9.49,6.46,Pre-Seed,SaaS,63,0,1,1,0
695422.62,18.69,121961.24,103214614.41,2.3,9.79,Series B,CleanTech,76,2,0,0,1
8808505.04,50.28,77641.03,262232982.43,2.68,0.82,Series B,SaaS,60,3,2,0,1
2169201.39,26.93,1059609.55,72454818.84,7.08,14.7,Seed,CleanTech,32,5,1,0,1
79574.12,29.44,240343.44,212135187.79,4.05,6.98,Series A,SaaS,25,5,3,1,1
18246228.21,55.13,131335.92,3606126.3,5.04,19.89,Series B,FinTech,69,0,1,0,1
166503.54,54.93,112636.13,21197541.24,3.39,4.88,Series C,EdTech,55,2,2,0,1
9982671.91,13.75,32652.0,135395221.06,9.46,19.08,Series C,DeepTech,38,4,0,1,1
11801841.77,25.54,21761.44,5765820.75,8.6,18.6,Seed,LogisTech,48,5,2,0,1
93214.02,39.94,20609.26,16082824.19,8.28,16.2,Pre-Seed,LogisTech,14,3,1,0,0
579590.62,4.92,203770.69,81113588.07,3.25,0.78,Series A,SaaS,9,4,3,0,0
74045.18,62.4,166494.06,127434240.06,3.91,15.9,Series A,SaaS,59,1,0,1,1
215486.12,12.49,214439.57,156230916.18,5.65,13.14,Series C,DeepTech,68,3,1,1,1
204065.23,39.09,1259.03,14124459.07,2.56,8.68,Seed,HealthTech,70,3,1,0,1
2843890.33,74.98,944729.27,145705791.0,7.09,11.47,Pre-Seed,FinTech,62,2,2,0,1
2103200.88,56.05,67235.24,234837218.66,2.06,13.93,Series C,EdTech,30,3,0,0,1
3534768.51,64.5,11142.17,10523746.61,7.99,6.82,Series C,SaaS,56,4,2,1,1
1168137.9,29.13,113682.28,236382559.79,1.1,18.11,Series B,FinTech,72,3,1,0,1
27910061.15,21.84,18751.35,98343448.0,9.52,15.63,Series C,E-Commerce,43,1,2,1,1
14879989.02,52.09,18784.88,36938639.82,4.57,17.84,Seed,E-Commerce,30,4,1,0,1
308881.47,15.43,7664.74,691966720.6,9.16,2.22,Series A,E-Commerce,14,1,3,1,1
1704795.16,46.37,72430.44,7803302.12,5.3,1.66,Pre-Seed,DeepTech,7,1,3,1,0
1469632.95,34.83,576863.55,13263384.91,1.68,3.32,Pre-Seed,DeepTech,16,0,0,0,0
11370057.5,44.8,43767.96,46164769.47,4.02,3.39,Series B,HealthTech,9,1,3,0,0
956187.03,26.51,42293.05,137327447.16,9.2,16.45,Seed,EdTech,70,0,1,1,0
1026076.49,79.14,1275140.2,23755410.2,4.54,16.58,Pre-Seed,E-Commerce,34,1,0,1,1
247985.35,38.96,82859.51,167128727.79,5.05,2.58,Series A,E-Commerce,78,3,1,1,0
1776111.03,45.65,663715.44,27952321.25,9.71,1.77,Series A,FinTech,18,4,0,1,0
1877367.49,34.61,559628.68,1426770181.86,1.82,14.53,Pre-Seed,DeepTech,31,1,2,0,1
2332191.68,69.56,197217.33,31896041.72,4.13,4.18,Series A,LogisTech,76,2,2,0,1
1754706.03,61.55,83280.92,32168329.74,1.37,3.38,Series B,HealthTech,62,5,0,0,1
53060653.89,62.4,63712.92,43557191.72,5.33,13.76,Series A,CleanTech,49,4,0,0,1
238791.32,19.19,5729922.8,41198549.32,4.32,9.25,Series C,HealthTech,15,2,3,1,0
177704.72,41.17,28151.26,5451288.81,1.94,14.75,Series B,HealthTech,40,0,0,0,1
104111.07,62.83,182782.55,18039488.13,6.28,14.91,Pre-Seed,SaaS,43,0,0,1,1
69053.12,67.35,113807.07,24742578.57,2.68,5.7,Pre-Seed,CleanTech,4,2,2,1,0
1186860.67,33.56,143291.57,27641891.95,2.54,13.37,Pre-Seed,HealthTech,76,1,2,0,1
335901.65,66.96,424189.46,1048336539.92,7.91,1.75,Series A,CleanTech,78,2,2,2,1
558275.29,21.35,68505.01,345151378.58,6.36,9.43,Series A,DeepTech,50,4,1,0,1
266322.82,62.4,122539.48,145818803.7,8.2,16.5,Series C,E-Commerce,79,1,1,0,1
3499128.4,35.38,1145759.91,3968156.23,7.73,10.05,Pre-Seed,FinTech,67,5,0,0,0
1114711.52,54.51,382087.54,109096635.46,6.58,10.67,Series A,SaaS,30,5,0,0,1
102282.84,21.77,79500.12,38985872.67,8.39,2.21,Series B,E-Commerce,53,4,3,1,0
337954.21,20.04,1243520.2,5675520.76,4.11,3.63,Seed,LogisTech,39,5,3,1,0
35488.83,29.38,84137.16,17658228.91,9.27,15.8,Series C,LogisTech,32,1,0,2,0
12835636.06,29.38,525239.64,71384218.14,6.32,7.98,Pre-Seed,E-Commerce,10,1,3,0,1
1716115.64,53.1,112302.16,6365319.83,9.27,11.74,Series A,SaaS,52,5,3,1,0
84992.07,32.93,57106.66,23945673.68,5.64,19.51,Pre-Seed,FinTech,21,5,1,0,0
74928706.98,53.22,447495.03,27771114.44,1.33,9.44,Series A,HealthTech,2,5,2,0,1
8881207.49,0.97,7258.4,101418228.0,9.52,7.47,Seed,EdTech,35,3,0,1,0
3930279.53,81.26,54585.7,29895532.14,6.87,4.76,Seed,EdTech,79,5,2,1,1
443983.55,16.49,55605.44,107766628.77,7.34,18.21,Series C,SaaS,12,1,2,0,1
7790220.44,15.27,2262975.9,4731703.65,9.54,15.27,Pre-Seed,HealthTech,31,2,1,1,0
66057.55,20.83,185637.15,8558867.36,6.81,8.43,Seed,HealthTech,30,4,1,1,0
38821.62,38.25,330676.63,746420869.82,6.99,3.51,Series C,FinTech,27,4,3,2,1
343290.15,69.75,116563.07,46851385.76,9.24,14.43,Series A,DeepTech,56,5,1,1,1
155586.32,46.51,16667.73,3055248619.4,4.01,15.42,Series C,FinTech,74,0,0,0,1
25521945.21,30.21,70003.45,12843245.6,6.31,7.22,Series B,EdTech,50,4,0,0,0
637952.96,39.17,194737.64,152044784.75,7.23,16.98,Pre-Seed,HealthTech,13,2,1,0,1
946841.84,49.83,8112902.07,112255644.2,2.73,2.31,Series A,CleanTech,40,2,1,1,0
37652835.07,35.58,7959.51,73993424.29,4.97,8.09,Pre-Seed,SaaS,26,4,1,0,1
6216.39,76.61,4640.5,171716560.96,1.63,0.19,Series C,DeepTech,63,4,3,0,1
3819727.02,53.76,1439889.19,17735060.53,1.99,7.09,Seed,SaaS,19,5,0,0,1
685269.32,63.4,453130.23,287428185.58,9.5,9.35,Series C,HealthTech,26,3,3,1,1
5961217.2,87.27,73387.18,151041505.1,4.15,1.16,Pre-Seed,FinTech,21,1,0,0,1
372458.65,23.17,330090.89,22798011.96,5.83,11.86,Series C,HealthTech,12,0,3,1,0
242069.55,25.46,826879.69,50353523.7,4.35,5.2,Series C,LogisTech,19,5,0,1,0
2547364.51,18.16,967615.34,400587235.38,4.13,13.56,Series A,E-Commerce,34,5,3,0,1
2112069.21,58.17,475684.7,325219869.92,6.57,15.05,Series C,EdTech,46,1,0,0,1
374526.54,19.13,90218.68,46801673.96,3.58,12.34,Pre-Seed,FinTech,18,1,3,0,1
360883.54,16.3,114173.07,151450287.08,8.1,3.48,Series B,HealthTech,69,2,3,1,0
379525.44,29.55,16567.85,113879724.39,1.22,0.44,Series A,EdTech,59,1,1,0,0
53829.4,3.18,715662.06,94650438.71,6.89,5.47,Pre-Seed,DeepTech,57,3,0,2,0
593467.34,83.58,57649.56,252477528.87,3.07,4.26,Pre-Seed,FinTech,25,3,1,0,1
629151.82,60.5,115256.5,154337283.85,7.85,12.52,Series B,E-Commerce,25,3,1,0,1
6910573.46,62.35,2425166.28,21611829.57,6.24,5.38,Series A,LogisTech,78,0,3,0,1
24967380.26,20.22,495403.02,96687577.53,7.74,2.92,Series B,FinTech,47,5,1,1,0
243508.7,11.15,186722.46,32389269.63,3.9,19.55,Seed,DeepTech,16,1,1,0,1
9055109.9,36.71,278420.71,251458828.43,4.06,16.3,Series A,SaaS,5,5,1,0,1
608357.89,77.11,26323.61,882547243.22,5.31,12.31,Series A,CleanTech,46,4,2,0,1
264768.57,31.64,8134.61,50455284.62,2.99,8.37,Pre-Seed,CleanTech,77,0,1,0,1
618364.41,33.55,506958.09,6917367690.76,5.63,11.76,Seed,E-Commerce,67,1,3,0,1
38587.59,16.0,1289979.69,119932333.98,9.18,3.59,Series B,DeepTech,79,1,2,2,0
205529.43,38.95,45647.99,994288619.53,1.86,13.04,Pre-Seed,FinTech,29,1,2,0,1
70938.84,96.18,108164.23,73679328.53,4.03,16.58,Pre-Seed,E-Commerce,21,2,3,1,1
161280.85,56.68,3667871.12,113122677.95,8.81,4.12,Series C,SaaS,79,1,0,2,0
2702622.56,42.49,34460.45,73880005.33,1.37,2.97,Series C,HealthTech,44,5,1,0,0
45250.27,44.76,7102.25,72260228.94,2.46,3.77,Series C,LogisTech,6,5,2,0,0
3492477.46,51.31,3285767.76,88777923.7,1.27,18.62,Series B,FinTech,2,2,2,0,1
102614.28,70.8,52500.93,296546282.37,8.04,11.34,Pre-Seed,EdTech,69,1,0,0,1
3695603.15,27.72,90477.97,285396336.42,3.96,12.6,Seed,CleanTech,16,4,2,0,1
122454.37,8.62,66074.56,770864168.46,6.58,9.27,Series A,E-Commerce,27,1,1,0,1
38746.2,31.14,6132.97,85937016.47,8.4,8.62,Series C,SaaS,16,0,3,1,1
519169.64,85.4,140433.67,281699398.59,5.85,6.23,Series B,DeepTech,19,1,0,0,1
108493.89,49.11,351621.67,28058642.15,9.26,8.49,Pre-Seed,SaaS,46,1,2,2,0
909031.94,56.58,297089.38,8009125.14,8.56,18.0,Pre-Seed,HealthTech,38,3,1,0,1
2537928.58,41.69,452032.5,11837821.61,3.12,17.39,Pre-Seed,CleanTech,22,0,1,0,1
789267.56,62.6,243196.94,57516184.03,9.89,2.73,Series C,HealthTech,68,1,1,1,1
15797835.04,21.0,74624.18,182442253.48,7.95,5.3,Series C,FinTech,37,2,0,1,0
100568.79,24.08,51279.18,25835822.33,5.86,17.6,Seed,EdTech,45,4,1,0,1
6647850.89,31.56,188085.25,23645161.8,9.62,3.51,Pre-Seed,CleanTech,63,5,0,1,0
296933.94,17.52,551250.64,23453291.06,8.78,12.17,Series B,DeepTech,15,3,0,1,0
88072.73,18.9,71247.1,222356300.46,9.48,17.47,Series A,DeepTech,44,5,3,1,1
1681421.47,19.74,381803.56,161399169.78,3.74,1.62,Series C,EdTech,67,2,1,0,0
905648.14,9.71,75027.95,265643075.99,9.58,16.5,Series C,E-Commerce,9,4,1,1,0
778401.95,61.58,483424.41,32985039.6,1.0,0.35,Seed,SaaS,24,2,2,0,1
651620.41,32.0,256189.98,25600111.63,1.56,10.19,Pre-Seed,E-Commerce,53,4,3,0,1
1568440.4,49.31,287948.75,2518736.93,5.33,3.54,Series C,DeepTech,6,5,2,0,0
6878.28,23.93,159059.75,156558022.4,1.99,10.96,Series C,SaaS,56,4,1,1,0
78516.79,34.27,251997.61,21943401.87,9.49,16.18,Series C,FinTech,11,1,1,2,0
203045.51,25.26,282006.6,44659082.7,5.06,17.65,Series C,LogisTech,45,0,2,1,1
857757.85,52.02,48837.85,460681276.32,3.67,6.99,Series A,CleanTech,29,2,2,0,1
13826.07,24.09,58373.03,190335786.18,9.78,13.35,Series A,FinTech,37,5,3,2,0
6611550.53,26.54,1444722.81,975935799.03,7.73,16.24,Series B,HealthTech,12,1,2,0,1
142209.44,45.35,75570.72,20986708.96,9.35,13.52,Series A,DeepTech,22,2,1,1,1
1177162.29,73.51,617169.09,197583838.35,6.91,3.55,Series A,FinTech,23,3,0,1,0
1283749.1,23.95,86137.61,16026860.09,4.72,15.16,Pre-Seed,LogisTech,4,5,2,0,1
1054996.53,17.5,365381.82,109610510.77,3.5,3.88,Seed,HealthTech,11,4,3,0,1
6179076.6,11.05,230130.12,93608992.86,8.49,0.22,Pre-Seed,HealthTech,54,0,3,1,0
331895.37,62.42,2170451.52,36054625.51,8.98,11.86,Series C,DeepTech,55,4,1,2,0
7079057.86,11.5,1644858.51,1330924076.44,6.05,12.07,Seed,DeepTech,20,3,3,0,1
56513.1,64.13,373214.66,31307244.63,5.68,7.47,Pre-Seed,CleanTech,19,3,0,1,0
2270387.39,9.39,115875.76,15569760.24,8.56,7.68,Pre-Seed,HealthTech,17,4,0,1,0
796207.18,66.31,309656.37,88273510.83,8.04,1.12,Series A,DeepTech,27,2,0,1,0
1503322.64,21.92,221577.91,37218589.87,5.47,8.74,Pre-Seed,SaaS,71,0,1,0,0
391228.88,59.09,615072.42,23231220.97,9.77,7.42,Seed,FinTech,78,5,3,2,0
537857.22,49.91,811538.3,22026676.3,1.78,4.74,Series A,SaaS,16,4,1,1,1
1982130.48,17.23,46322.27,164137451.0,4.04,6.17,Series C,LogisTech,13,0,0,0,0
169658.97,30.45,309658.31,185702856.94,1.61,14.16,Pre-Seed,HealthTech,71,5,1,0,1
5783519.44,64.13,135297.68,351912955.39,7.74,5.81,Series B,EdTech,11,2,3,1,1
10051630.37,65.07,278294.84,18699762.5,2.45,5.11,Series C,FinTech,41,1,3,0,1
193969.22,30.92,772651.31,140137709.98,4.42,15.51,Series A,EdTech,13,1,3,1,1
219112.52,63.52,180192.91,235957087.23,2.42,13.92,Series B,HealthTech,8,2,0,0,1
1741340.68,33.74,120656.99,11469659.57,6.54,1.67,Pre-Seed,SaaS,12,5,2,1,0
1646675.94,15.19,966154.54,3193379071.03,7.47,17.81,Series C,EdTech,62,3,0,0,1
477467.74,52.79,22205.5,333371451.28,3.29,16.39,Series B,SaaS,31,1,3,0,1
1951522.55,39.0,1835933.33,40488125.69,6.86,12.42,Pre-Seed,E-Commerce,12,5,2,1,0
1245636.7,16.79,598253.83,37239137.46,2.94,7.21,Series C,EdTech,58,4,0,0,1
1007766.65,40.7,300958.6,45723068.88,7.04,11.21,Series A,HealthTech,47,5,1,0,1
5288661.21,46.17,116682.13,123595748.16,8.73,5.84,Series A,EdTech,43,2,0,1,0
29571866.09,27.21,91990.07,43011221.46,1.62,5.27,Pre-Seed,LogisTech,34,3,0,0,1
148056.79,24.08,26979.81,9725485.28,9.9,12.52,Series C,DeepTech,49,5,3,1,1
5905418.9,18.53,702778.08,139230481.04,8.91,11.44,Series C,CleanTech,48,3,1,1,1
387076.05,56.06,1017338.87,905838831.41,7.32,4.75,Series B,SaaS,5,5,3,2,1
531471.86,35.24,63960.82,87917653.87,3.29,7.24,Series B,DeepTech,28,2,3,0,0
46170.93,97.24,6761133.1,22873825.18,5.83,17.08,Pre-Seed,DeepTech,9,2,3,1,1
188361.54,30.73,128001.95,179737878.09,1.78,12.34,Series C,EdTech,60,0,2,0,1
653965.93,45.31,242969.2,140833307.81,6.47,6.19,Series C,HealthTech,70,0,2,0,1
2056268.74,54.66,889177.79,1777808514.02,9.1,8.08,Series A,CleanTech,42,1,2,1,1
7948893.99,33.39,320439.59,13093826.45,7.67,10.6,Series A,LogisTech,41,1,0,0,0
22335415.23,22.95,69201.73,166037922.53,5.2,16.33,Series B,E-Commerce,55,2,1,0,1
539016.19,62.77,40397.78,2586583.51,6.21,15.19,Series A,LogisTech,33,1,2,0,1
2967469.45,11.07,38307.22,34441233.29,1.23,12.92,Series B,EdTech,44,2,1,0,1
1061336.51,28.36,39844.27,81229706.58,2.51,19.44,Series A,EdTech,76,4,3,0,1
549555.27,28.05,153145.28,11206509.42,2.17,16.71,Series C,HealthTech,36,5,3,0,1
966211.55,56.86,158347.11,119146801.15,5.79,3.37,Series C,EdTech,52,2,1,1,1
3361102.84,63.04,210291.06,434762780.93,2.49,11.66,Series C,EdTech,14,1,2,0,1
224730.23,13.92,2144197.12,42684224.54,2.33,17.05,Series C,SaaS,20,2,0,1,0
5699494.54,28.22,207323.76,36317259.54,5.2,0.69,Pre-Seed,EdTech,20,1,3,1,0
390842.63,6.75,10696.7,1198796476.07,6.45,18.37,Series A,HealthTech,52,4,1,0,1
33443.37,48.62,35072.0,19942444.74,3.81,5.12,Series C,E-Commerce,48,5,0,1,1
472339.87,45.2,907168.77,29581644.07,3.51,4.21,Pre-Seed,DeepTech,48,2,2,1,0
383982.04,24.5,327776.81,136105846.54,8.96,14.0,Pre-Seed,HealthTech,47,5,3,1,1
25835.17,39.0,55610.36,108714970.9,8.58,4.84,Series B,HealthTech,67,1,0,2,0
2292899.43,23.26,913870.39,99908366.76,5.94,4.39,Series C,E-Commerce,20,4,2,0,0
1333165.6,28.37,61489.96,87193360.14,7.14,4.84,Series B,DeepTech,54,5,1,1,0
820347.04,17.1,269105.3,15851295.62,1.49,14.97,Pre-Seed,CleanTech,27,1,3,0,1
1062701.29,8.21,126225.61,82177838.34,6.08,17.33,Series B,SaaS,16,2,0,0,0
85790.95,37.58,492436.38,77542305.15,8.6,13.52,Series C,E-Commerce,14,4,0,2,0
359057.14,46.23,161900.63,15324969.49,4.47,17.32,Series A,CleanTech,19,5,2,0,1
559050.69,17.73,413871.46,11896446.78,5.25,17.6,Pre-Seed,SaaS,46,4,1,0,1
542558.07,57.72,97234.74,1250791730.24,6.21,1.71,Series A,EdTech,14,0,0,1,1
120097.91,65.41,115508.58,14775425.77,5.44,8.09,Pre-Seed,SaaS,55,3,3,1,1
1413104.54,43.97,44409.13,22323153.98,2.18,17.14,Series C,HealthTech,60,5,0,0,1
259760.88,25.31,208384.72,70868141.95,8.62,0.47,Series A,LogisTech,73,4,1,1,0
955392.0,11.37,204317.05,68212613.47,3.15,10.61,Series B,HealthTech,76,3,1,0,0
240517.82,35.14,30724.42,95035129.71,8.3,12.72,Series B,EdTech,66,0,2,0,1
1688658.65,63.36,46503.63,1508389078.01,2.21,19.16,Series A,HealthTech,16,4,1,0,1
1092879.39,69.78,69874.06,57970776.89,2.49,8.91,Series B,E-Commerce,34,0,3,0,1
1017537.56,95.96,3341.52,61010236.31,9.58,10.45,Series B,EdTech,19,2,2,1,1
221556.32,48.93,2437594.29,49310337.98,3.23,12.81,Pre-Seed,EdTech,45,0,0,1,0
2165425.83,67.64,84534.95,59459209.34,5.33,13.25,Seed,SaaS,10,5,3,0,1
52358.48,93.14,143365.92,23952483.98,3.48,12.44,Series C,SaaS,54,2,1,1,1
2717914.49,55.2,88383.94,183821858.35,9.55,11.63,Series A,LogisTech,52,4,2,1,1
311007.34,51.81,1370087.82,29441817.58,8.41,17.78,Seed,SaaS,9,0,3,2,1
342021.46,29.6,32644.1,15740251.67,8.88,10.78,Series B,CleanTech,70,5,0,1,0
2526703.99,3.55,31928.76,407707414.84,8.64,8.45,Seed,DeepTech,63,4,0,1,0
156828.56,36.61,81118.66,11324682.72,4.43,8.29,Seed,HealthTech,33,2,1,0,1
1548994.85,101.57,534668.54,36911846.18,5.62,10.18,Series B,FinTech,67,2,1,0,1
1103643.31,57.88,449053.37,28418399.67,4.02,19.57,Series A,FinTech,64,0,3,0,1
203438.36,84.01,8538.57,216090982.04,1.14,15.64,Series A,LogisTech,79,1,0,0,1
654403.76,37.95,385697.06,1005584473.36,8.76,3.59,Series A,EdTech,77,2,2,1,1
97650.07,12.56,410655.08,347879942.6,8.5,18.12,Seed,SaaS,73,3,0,2,1
29815.29,33.21,16770.17,25548902.26,1.62,15.68,Seed,LogisTech,20,5,0,0,1
981207.09,46.81,271058.26,133559650.47,9.91,6.51,Seed,FinTech,58,1,1,1,1
66771.6,44.55,40686.45,25036968.88,4.12,7.95,Series A,EdTech,11,1,0,0,1
2777189.3,85.45,312860.4,55121759.28,7.26,9.16,Series A,CleanTech,67,5,0,0,1
3142451.54,33.42,652844.06,302167543.19,9.52,2.12,Seed,E-Commerce,60,5,2,1,0
495420.1,32.84,940705.11,70116566.03,3.28,9.01,Pre-Seed,HealthTech,37,0,0,1,0
9473714.47,55.89,3830537.15,195696058.89,1.76,16.14,Series B,E-Commerce,74,2,1,0,1
25080836.62,43.41,29950.15,58750448.23,1.14,1.54,Seed,LogisTech,76,4,1,0,1
2489752.13,66.12,320871.87,73583612.44,2.8,12.34,Pre-Seed,CleanTech,9,2,1,0,1
2495481.33,64.85,249522.15,103566853.89,8.09,9.09,Series C,HealthTech,61,5,1,0,1
258106783.1,43.93,1322378.7,132008388.11,2.81,11.8,Series C,EdTech,55,3,3,0,1
1148202.94,50.12,551175.08,148197528.95,8.94,16.28,Series B,EdTech,36,3,0,1,0
21111059.22,6.73,205516.92,31354729.37,8.28,15.73,Seed,FinTech,59,0,0,0,0
482318.84,39.06,166291.59,261698138.13,8.73,14.97,Pre-Seed,CleanTech,74,4,2,0,1
123246.8,58.69,104544.19,77683809.39,2.45,1.67,Pre-Seed,DeepTech,33,1,2,1,1
203364.71,14.21,16467.93,8315017.28,2.98,19.2,Series A,E-Commerce,10,0,1,0,1
1448539.67,71.28,430254.66,1879834224.18,1.2,18.9,Pre-Seed,E-Commerce,65,4,0,0,1
1380990.6,34.81,86036.07,147004460.28,8.72,13.46,Series A,CleanTech,30,4,2,0,1
101364.23,54.22,2276001.48,112916939.24,5.37,6.67,Pre-Seed,CleanTech,79,4,2,2,1
380344.31,67.76,120847.56,8822019.74,7.69,16.96,Series B,FinTech,50,4,1,0,1
6325768.72,43.62,57926.11,25738073.57,4.33,9.28,Series B,EdTech,31,2,1,0,1
500760.15,75.38,443525.57,533460367.05,7.77,16.06,Seed,SaaS,65,3,0,1,1
12490357.6,27.91,96015.39,9894863.49,7.97,17.05,Series C,DeepTech,63,1,3,0,1
18939333.02,43.47,35879.34,37664849.83,9.17,10.14,Pre-Seed,HealthTech,3,1,3,1,0
27644.09,115.32,48073.28,197447609.97,5.76,16.52,Series C,HealthTech,14,2,3,1,1
1888148.09,47.89,62181.44,129931908.71,2.96,9.28,Series C,E-Commerce,36,4,3,0,1
453973.09,60.13,269032.39,105501310.83,3.24,11.53,Series A,SaaS,13,2,0,0,1
2196649.56,20.77,268549.34,562021224.27,3.82,13.09,Series A,DeepTech,39,5,3,0,1
2266052.26,37.16,1887799.22,912924113.42,9.92,15.13,Series A,HealthTech,75,4,2,1,1
21275172.87,23.22,75462.37,1834482205.21,4.99,9.88,Pre-Seed,HealthTech,39,0,1,0,1
225130.39,48.96,163091.96,9672917.92,7.22,13.94,Pre-Seed,DeepTech,75,5,2,1,1
2144930.06,16.18,423393.79,59392362.13,1.55,13.71,Pre-Seed,CleanTech,60,2,2,0,1
1679353.33,33.56,233744.26,11681055.21,3.49,18.43,Seed,EdTech,73,3,3,0,1
2843838.68,34.79,173266.14,3066465673.69,9.79,13.67,Series A,E-Commerce,74,2,2,1,1
834507.73,68.71,272283.89,104288865.79,9.44,1.7,Series A,HealthTech,51,3,1,1,0
44913.2,32.08,148353.57,134781064.72,3.51,15.97,Series C,DeepTech,57,3,1,1,0
70755.82,27.63,87597.11,16353500.61,8.78,3.1,Seed,CleanTech,12,3,1,2,0
1254180.85,18.96,141040.68,4572773.63,1.74,9.19,Seed,FinTech,56,1,0,0,0
11164.32,31.77,87449.63,219933402.55,5.84,16.8,Pre-Seed,LogisTech,10,3,1,1,0
58142.85,21.82,678184.0,37891579.53,4.66,6.56,Series B,EdTech,63,4,0,1,0
13615590.41,89.94,1491662.22,11390960.65,2.27,11.42,Series B,E-Commerce,68,3,2,0,1
336147.77,51.15,96275.8,14737787.34,8.18,7.35,Series A,SaaS,50,2,2,1,0
3281402.1,73.74,444697.72,509391089.82,6.4,1.07,Series B,E-Commerce,55,3,0,1,0
1143750.21,26.51,465973.17,86220075.19,8.07,11.8,Series C,FinTech,29,0,0,0,0
82035.3,8.01,94088.97,81156156.13,6.54,18.21,Seed,SaaS,54,3,1,1,0
17130.17,106.56,103544.21,27931080.07,6.47,5.62,Series B,FinTech,43,5,2,2,0
278283.83,37.62,30411.89,50458111.85,1.6,0.38,Series A,DeepTech,73,0,0,0,1
205888.4,15.1,237603.97,186237079.8,7.11,6.35,Seed,DeepTech,38,2,3,1,0
147173.36,46.66,772638.44,26536429.92,4.99,5.22,Seed,LogisTech,41,0,2,1,0
59927.92,26.24,37034.75,24975842.28,9.22,3.79,Seed,FinTech,27,3,3,1,0
174062.74,29.53,1495670.88,231337980.57,8.71,7.14,Series B,CleanTech,5,0,1,2,0
295346.55,18.58,110383.77,92615881.62,3.59,9.86,Seed,DeepTech,53,5,0,0,1
3761968.44,31.64,1063615.63,97565072.34,6.91,17.97,Seed,HealthTech,53,0,3,0,1
1689746.75,71.77,6061785.87,82093148.17,7.65,0.65,Series A,SaaS,77,1,0,2,0
31577.64,91.12,44775.77,79737510.28,5.12,4.53,Pre-Seed,FinTech,64,1,1,1,0
1192733.82,47.5,216326.78,74109918.9,2.4,16.69,Series C,DeepTech,36,5,1,0,1
6327850.41,39.74,5684.55,87367667.48,5.78,0.65,Series C,HealthTech,21,5,1,1,0
6186589.47,87.11,51874.17,308675763.16,3.08,13.63,Seed,LogisTech,45,4,0,0,1
61758.53,37.58,11154.31,28536080.61,4.56,3.64,Series A,LogisTech,17,5,3,0,0
84141.27,57.82,263653.18,111587745.53,9.41,18.33,Seed,E-Commerce,58,2,1,2,0
1049885.67,51.57,76578.42,93272575.3,5.86,16.89,Series B,SaaS,24,5,3,0,1
43396.15,25.37,106845.06,82613514.91,8.46,14.26,Series B,CleanTech,69,0,0,1,0
1644421.53,47.0,125502.51,18798732.35,8.02,19.95,Series B,CleanTech,15,0,1,0,1
1620593.66,13.79,9850.48,40155288.59,4.76,15.15,Seed,FinTech,59,5,2,0,1
318688.4,15.55,75656.38,13022567.75,3.52,5.55,Pre-Seed,HealthTech,55,2,2,0,0
548600.09,49.4,780509.21,15307777.17,6.1,0.13,Seed,EdTech,28,2,2,2,0
1710419.84,42.21,180754.29,125572573.71,3.02,4.52,Series C,LogisTech,70,1,3,0,1
54430.51,42.0,24893.54,219475591.52,5.36,13.88,Series B,EdTech,78,1,0,0,1
2180785.57,63.78,57417.21,838511923.78,1.51,0.69,Series C,EdTech,35,4,2,0,1
68129.29,62.61,406376.26,7274038.62,7.05,16.52,Pre-Seed,LogisTech,5,1,1,1,0
919326.91,28.6,1939.89,32769752.0,7.86,10.14,Series A,CleanTech,54,1,2,0,0
46024.43,4.35,222920.38,86682563.22,8.41,11.12,Series B,CleanTech,27,1,3,2,0
2407756.39,17.25,320243.84,253895942.05,6.43,13.65,Series B,DeepTech,31,3,1,0,1
2497024.44,25.25,1163256.32,11441796.76,2.1,14.03,Series A,FinTech,35,1,0,0,1
500699.81,71.23,2862278.75,28954497.99,6.97,19.31,Series C,CleanTech,13,4,3,1,1
2650444.28,50.55,610287.06,188161966.15,9.95,12.11,Pre-Seed,E-Commerce,37,3,1,1,0
1817263.0,32.56,127476.88,13553123.73,1.38,13.69,Pre-Seed,E-Commerce,15,4,2,0,1
472519.86,28.84,250692.26,212696027.36,3.59,5.98,Series A,FinTech,32,2,0,0,0
1004957.01,31.23,72375.31,8721068.5,5.32,2.76,Series A,CleanTech,55,2,0,1,0
4236183.61,69.97,244528.34,320627156.08,7.25,7.29,Series B,EdTech,70,2,3,0,1
4928118.04,46.3,27644.69,128856619.73,1.23,5.69,Series B,CleanTech,54,4,1,0,1
198944.87,33.75,648308.06,21191902.43,6.87,16.65,Series A,SaaS,56,5,2,1,1
1715648.92,48.27,640918.4,6461715.0,9.08,16.2,Series A,SaaS,48,2,2,1,0
557855.5,29.73,34907.12,415503193.89,7.08,7.92,Pre-Seed,CleanTech,12,3,1,0,1
1143097.47,92.14,48565.7,59705831.2,2.49,1.22,Series B,FinTech,68,5,1,0,1
690593.13,10.2,1745494.5,27361700.23,2.22,3.95,Seed,HealthTech,58,4,1,1,0
115467.98,47.43,4187372.9,391627970.2,8.85,11.54,Series C,LogisTech,37,1,3,2,1
175417.33,26.41,116712.29,11709869.42,6.36,1.61,Seed,LogisTech,40,0,3,1,0
118706.32,20.26,37246.63,5790863.86,6.43,16.03,Series A,E-Commerce,19,5,0,0,1
302358.71,6.79,279504.26,7206690.71,4.16,12.21,Series C,SaaS,55,1,2,0,1
63579.53,44.51,20723.02,43859234.0,3.38,10.07,Seed,SaaS,7,1,0,0,0
685972.74,58.84,159148.79,39734376.37,1.19,16.39,Series C,CleanTech,70,1,0,0,1
925501.49,24.48,74923.69,28853748.29,4.48,1.02,Series C,E-Commerce,20,2,3,1,0
238216.98,34.48,219774.95,66480478.86,2.82,5.16,Series C,FinTech,72,5,1,0,1
65768.36,29.03,82304.28,47299963.6,2.53,2.54,Seed,DeepTech,79,0,3,1,0
923418.08,46.81,30629.57,934247007.73,5.41,8.31,Series B,SaaS,69,5,0,0,1
2414176.74,40.38,342593.12,29415283.12,7.1,10.94,Seed,CleanTech,64,3,2,0,1
122608.15,55.33,5181117.76,50215654.28,7.66,12.25,Series A,HealthTech,77,3,3,2,0
9016175.9,23.11,257604.58,212924809.56,5.14,13.52,Series B,DeepTech,23,3,3,0,1
21636589.14,49.05,646648.36,320952210.0,6.3,18.77,Seed,CleanTech,22,0,2,0,1
12864682.26,69.64,267340.11,578820029.42,3.35,13.9,Series C,FinTech,32,4,1,0,1
782679.26,38.15,381412.07,230171307.58,3.18,1.83,Series A,DeepTech,67,2,2,0,1
217768.58,56.61,1286487.43,202382465.02,3.48,9.89,Series A,HealthTech,17,1,0,1,0
426996.9,66.76,562396.45,18850832.28,3.22,6.13,Series C,E-Commerce,7,4,1,1,0
1999537.92,17.82,1960369.01,416606356.3,4.49,17.27,Series C,FinTech,27,3,0,0,0
601247.16,44.18,908600.98,173944361.98,1.44,4.62,Pre-Seed,DeepTech,12,2,0,1,0
29199489.16,30.27,528986.41,8672222.7,9.79,12.91,Series C,DeepTech,52,4,2,1,0
535474.41,36.6,337163.73,19350787.69,2.33,4.13,Series B,LogisTech,70,2,1,0,1
45385.92,24.88,182341.94,123570095.18,8.62,3.66,Series B,CleanTech,31,2,0,2,0
699803.78,33.31,30605.36,37280720.88,8.73,17.14,Seed,SaaS,26,5,3,0,1
358688.95,47.17,49848.57,64261310.18,1.76,13.65,Series A,LogisTech,52,3,3,0,1
3173553.02,20.88,602277.19,150586067.11,2.52,1.07,Series A,FinTech,72,3,2,0,0
1342447.34,25.89,45442.23,18069047.63,8.46,16.59,Series B,CleanTech,63,2,3,0,1
20447831.7,38.93,49676.03,6396292.04,3.93,1.42,Series A,CleanTech,51,3,2,0,1
140171.56,15.11,54475.32,124038218.81,4.32,7.14,Pre-Seed,E-Commerce,72,4,2,0,1
250149011.75,85.24,70075.34,5626265.25,8.07,3.91,Seed,HealthTech,44,0,3,1,0
3417519.49,15.79,13248.31,215778619.93,4.11,1.09,Pre-Seed,E-Commerce,43,0,1,0,0
1726960.95,50.11,209418.46,69085206.41,4.14,7.5,Pre-Seed,SaaS,56,3,3,0,1
602186.1,38.46,8489.75,362169640.79,8.79,0.2,Seed,HealthTech,59,3,2,1,0
254382.22,48.74,56090.38,305282587.89,3.4,10.69,Pre-Seed,EdTech,48,3,1,0,1
2413201.73,41.72,49773.04,4608427.13,4.76,7.54,Series A,SaaS,30,2,0,0,1
6619071.93,29.47,26938.03,93142299.03,3.55,6.53,Seed,EdTech,2,3,0,0,0
171355.52,34.08,87673.88,691794603.93,9.41,18.18,Pre-Seed,EdTech,24,3,0,1,1
122021.72,13.11,5710.61,17206860.47,3.79,10.07,Pre-Seed,SaaS,2,5,2,0,1
156107.97,49.36,141218.6,36975800.48,2.61,7.84,Pre-Seed,E-Commerce,62,1,2,0,1
772617.83,114.56,4597.13,564702901.68,5.05,10.62,Series A,HealthTech,33,1,2,0,1
506589.55,48.51,1179116.86,420300561.64,4.44,2.65,Seed,EdTech,64,1,2,1,1
6137836.39,59.52,81274.76,544468532.56,2.62,2.2,Series C,CleanTech,61,5,3,0,1
98921.8,92.53,395151.24,29377562.19,9.2,0.12,Pre-Seed,SaaS,63,0,3,2,0
1296455.3,53.0,6084931.14,12659867.66,7.84,6.78,Seed,EdTech,21,2,3,2,0
46218.66,36.94,529954.41,59642761.75,5.4,7.03,Seed,EdTech,18,3,0,2,0
28776.5,20.97,320066.89,130313161.58,4.05,10.89,Series C,DeepTech,63,0,0,1,0
8188836.44,9.12,5539435.07,39374341.88,6.37,9.69,Pre-Seed,E-Commerce,64,2,3,0,0
10333.8,66.6,663305.18,1960346718.83,7.13,13.33,Series C,SaaS,49,3,3,2,1
2827287.04,26.8,210740.24,640703615.14,7.93,19.51,Series A,HealthTech,45,4,1,0,1
388873.44,45.92,1557072.15,35380411.68,8.83,1.76,Series A,E-Commerce,12,2,1,2,0
3209896.93,62.54,54668.22,182412009.54,7.34,18.57,Series C,EdTech,15,5,1,0,1
797115.6,63.41,56543.57,1349382160.42,2.5,7.59,Pre-Seed,SaaS,70,2,1,0,1
1408685.36,27.66,7407.83,29011903.29,3.52,2.73,Series B,HealthTech,9,3,0,0,0
941087.5,47.5,112589.31,239114241.71,3.59,14.49,Series C,SaaS,45,1,2,0,1
988752.56,89.19,97356.46,4646504.6,5.28,15.66,Series B,FinTech,77,1,2,0,1
278240.36,43.81,18711.82,3930054.45,4.45,14.38,Pre-Seed,E-Commerce,3,1,2,0,1
622460.69,111.09,58808.13,40736852.53,4.3,1.99,Series B,FinTech,12,1,1,0,1
102724466.79,77.78,41077.73,24933731.19,3.39,3.4,Series B,LogisTech,35,4,0,0,1
690571.66,33.04,217257.89,365632547.03,5.63,1.99,Series A,SaaS,29,1,0,1,0
2991051.77,21.7,81346.35,121712527.64,5.84,3.84,Series B,E-Commerce,42,4,1,1,0
233471.55,39.73,383850.88,22814511.18,5.27,4.52,Seed,E-Commerce,38,4,0,1,0
604027.22,37.72,94319.7,70738927.78,1.31,8.92,Series C,LogisTech,10,3,0,0,1
2866434.2,33.5,209097.41,122803085.07,4.27,18.76,Series B,E-Commerce,34,0,3,0,1
39289.81,30.81,133405.88,37548603.18,4.65,4.78,Series C,EdTech,10,4,0,1,0
101736.7,16.11,46124.01,202231766.38,1.53,6.0,Seed,FinTech,40,1,0,0,0
569685.8,58.0,43428.4,975136020.59,7.31,8.21,Seed,FinTech,32,2,2,0,1
734991.16,33.12,16674.46,1269209.46,4.47,19.33,Pre-Seed,DeepTech,50,3,2,0,1
1553896.07,19.74,316184.26,292661287.05,6.54,3.51,Series B,SaaS,53,2,0,1,0
217932.68,7.56,51158.42,9661855.48,7.35,10.43,Pre-Seed,SaaS,79,4,1,0,0
1393120.06,101.68,294695.61,97496420.06,4.9,10.71,Seed,SaaS,11,5,0,0,1
2736736.28,52.14,11937.56,37621563.11,9.63,2.86,Seed,CleanTech,71,0,0,1,0
3416317.98,61.91,47237.82,485278130.39,1.58,1.49,Series B,E-Commerce,57,5,2,0,1
74909.44,35.51,3052421.77,424736346.12,9.48,15.76,Series A,CleanTech,3,5,3,2,0
2514130.36,54.69,74878.41,41976091.7,3.66,1.81,Series A,SaaS,18,5,3,0,1
16651.04,17.82,47766.24,210222801.37,2.29,3.71,Series B,DeepTech,19,5,3,1,0
1065764.82,63.17,46439.55,556258533.18,1.83,9.16,Pre-Seed,EdTech,74,5,3,0,1
77398.66,9.06,666215.93,17020322.87,1.46,0.99,Pre-Seed,FinTech,8,0,2,1,0
607856.86,38.92,3759501.39,6798243.79,9.85,4.83,Pre-Seed,CleanTech,35,5,1,2,0
2169682.1,58.28,17569.42,48028141.78,2.2,19.07,Series A,E-Commerce,77,4,3,0,1
168375.22,13.4,163856.99,45629126.9,2.25,17.32,Series A,EdTech,4,3,0,0,1
124044.53,19.61,31563.92,138624474.58,3.09,12.71,Seed,FinTech,78,3,1,0,1
105027.51,15.9,2082654.78,35938060.02,7.24,19.75,Pre-Seed,FinTech,54,4,3,2,0
18611938.14,35.15,197950.73,5061747.03,7.5,3.48,Seed,HealthTech,35,2,3,1,0
327715.7,51.77,144968.39,25100180.66,5.99,5.96,Series C,EdTech,71,4,2,0,1
407044.29,43.27,246446.73,394536010.81,6.82,9.17,Series C,CleanTech,19,5,1,0,1
171283.1,84.11,76835.41,126753226.32,1.94,2.91,Series B,HealthTech,14,0,3,0,1
180286.32,40.61,65433.63,35799948.43,3.34,7.7,Series B,HealthTech,54,1,3,0,1
279594.08,75.3,38318.95,206332855.55,9.77,19.51,Series A,SaaS,76,1,2,1,1
149835.15,56.3,146170.59,147798848.84,5.13,1.1,Seed,HealthTech,61,5,0,1,0
2457146.76,25.16,360682.68,13256728.6,1.51,6.86,Series A,LogisTech,2,4,2,0,1
29552.24,2.61,360036.0,381706831.44,8.89,4.86,Series C,CleanTech,65,5,0,2,0
2665398.44,12.85,2431433.18,130969506.57,6.24,13.68,Seed,E-Commerce,37,3,0,1,1
5777084.11,44.84,66837.04,11574617.04,6.37,5.48,Seed,E-Commerce,52,0,2,0,0
1807367.52,52.58,441143.46,12678243.26,7.83,12.39,Seed,HealthTech,53,0,1,0,1
4270347.25,6.18,373453.91,173296671.27,3.7,0.38,Series A,FinTech,4,5,2,0,0
279026.25,21.77,68399.37,10274950.45,2.41,13.67,Series A,FinTech,69,2,0,0,1
1101809.41,53.7,21401.94,105205288.99,3.39,17.92,Series C,LogisTech,3,0,2,0,1
2383245.37,52.45,67103.28,50280263.7,8.16,2.83,Series A,E-Commerce,54,3,3,1,0
553313.13,38.3,42410.54,44404227.22,5.59,2.81,Pre-Seed,E-Commerce,3,3,3,1,0
2775734.75,24.63,185434.19,13793519.25,4.94,6.21,Pre-Seed,HealthTech,33,1,2,0,1
925357.7,38.23,149330.01,93111379.32,7.49,5.14,Seed,E-Commerce,5,1,1,1,0
1203733.05,48.64,2144808.69,45516187.52,8.38,19.99,Series C,SaaS,79,0,3,1,1
499358.52,43.66,124211.33,7099338.71,8.04,4.08,Series C,DeepTech,10,1,1,1,0
767229.91,50.59,566609.24,194957581.01,5.47,16.86,Seed,HealthTech,45,1,3,0,1
729707.27,107.99,462132.19,278972148.44,4.1,7.81,Pre-Seed,HealthTech,77,0,3,0,1
13840636.68,82.68,59593.09,72693154.04,2.46,19.19,Series B,LogisTech,26,2,0,0,1
1319490.8,30.62,3200.47,228992201.26,2.31,17.56,Pre-Seed,CleanTech,17,1,3,0,1
219489.49,27.07,985730.67,117221279.08,5.03,9.76,Seed,E-Commerce,31,1,3,1,1
826677.88,88.33,56533.75,702961554.78,6.57,1.63,Series C,HealthTech,71,5,1,1,1
105154.91,53.14,145839.3,205824723.01,2.63,6.05,Pre-Seed,CleanTech,53,1,0,1,1
1500404.52,75.33,684423.45,134946741.63,3.21,14.35,Series C,FinTech,64,4,1,0,1
758460.27,36.04,81599.34,119255405.0,1.37,4.14,Pre-Seed,EdTech,75,0,3,0,1
109085.64,59.01,149609.27,104766445.6,9.09,12.47,Series C,FinTech,66,4,2,1,0
584497.12,39.81,153565.99,136949039.81,2.81,16.1,Series C,FinTech,12,4,2,0,1
20770.15,76.61,16337.86,93081480.99,3.32,14.03,Series A,EdTech,3,4,0,0,1
1445128.44,27.22,385613.62,109068619.98,2.89,6.47,Series A,FinTech,2,2,0,0,0
1231452.91,61.03,374981.72,8473611.02,8.23,16.36,Series C,SaaS,32,4,3,0,1
2252697.55,35.47,370299.52,54215797.54,5.03,2.04,Seed,E-Commerce,61,2,3,1,1
220188.63,44.65,38193.63,14773671.73,4.85,3.22,Seed,E-Commerce,24,4,1,0,0
182617.69,87.53,88399.76,2708815529.65,8.17,6.82,Seed,CleanTech,63,5,0,1,1
396156.86,32.06,102907.32,59391613.51,4.01,2.14,Seed,LogisTech,12,2,3,0,1
556704.29,15.09,132654.56,3031183.86,5.03,19.31,Series B,LogisTech,18,0,1,0,1
12592336.15,20.68,86755.39,8175762.03,7.68,1.05,Seed,FinTech,15,1,1,1,0
1666113.98,37.18,44935.51,6108666.18,2.11,2.47,Series A,FinTech,60,3,1,0,1
3022.99,27.93,2238535.38,44457134.67,8.53,17.31,Series B,DeepTech,20,3,2,2,0
162348.97,17.31,182324.33,48752805.98,9.4,12.75,Seed,EdTech,76,3,3,1,0
1300783.55,29.91,93084.43,143034059.1,2.56,14.5,Series B,EdTech,40,0,0,0,1
628591.17,109.87,113761.1,8846866.33,5.14,5.59,Pre-Seed,EdTech,7,5,1,0,1
77638.87,33.88,13029.65,23627684.33,2.22,2.91,Series C,LogisTech,25,5,1,0,1
130630.02,47.11,699005.82,3340414.72,8.1,13.64,Series C,E-Commerce,73,3,2,2,0
958167.39,14.67,12064.28,31379385.36,2.59,19.12,Seed,HealthTech,26,5,3,0,1
729965.34,51.08,10370.08,12298512.77,2.99,14.58,Pre-Seed,LogisTech,42,4,1,0,1
4076247.76,54.81,97932.74,58903057.89,5.68,3.81,Seed,EdTech,49,1,3,1,1
4277287.72,5.58,983630.08,21646260.1,8.59,3.9,Series C,EdTech,28,0,2,1,0
119240.72,4.77,39388.18,322910960.22,9.68,14.36,Series B,HealthTech,26,2,3,1,0
6461851.76,62.25,125438.02,84684873.9,1.12,7.26,Series B,CleanTech,18,0,2,0,1
17424408.48,53.95,70102.53,28340847.1,7.17,14.16,Series C,FinTech,21,0,2,0,1
593240.97,47.76,2358841.87,220642495.91,2.51,3.8,Series B,E-Commerce,31,3,3,1,1
1271572.36,20.3,325104.49,818835294.84,3.41,19.99,Series B,CleanTech,56,1,1,0,1
787807.64,48.44,295735.54,6010715.83,5.23,9.11,Series B,SaaS,28,0,3,0,1
1055075.7,35.47,693089.65,164370956.93,9.53,1.07,Series C,E-Commerce,29,2,0,1,0
3036533.53,42.56,163817.99,44097863.89,6.84,14.55,Pre-Seed,DeepTech,43,3,3,0,1
5838317.77,45.79,548439.21,115440560.4,9.64,13.21,Series C,E-Commerce,32,3,3,1,1
421114.51,101.24,24963.4,68826114.24,9.9,9.31,Series A,HealthTech,55,0,1,1,1
199795.8,97.85,155635.93,59824792.13,1.68,12.36,Series B,E-Commerce,24,0,1,0,1
849191.68,17.28,86149.92,64006224.11,1.57,11.03,Seed,HealthTech,72,1,0,0,1
728200.77,26.89,111824.35,188947759.58,9.53,9.74,Seed,E-Commerce,60,5,2,1,1
450219.42,5.36,427811.21,195597180.49,7.75,14.55,Series A,HealthTech,54,2,3,1,1
2329276.21,22.62,67226.41,21808152.79,2.96,19.32,Series C,SaaS,25,0,2,0,1
2521831.6,25.43,46898.39,82177897.44,8.69,13.66,Pre-Seed,SaaS,35,2,2,0,1
1408296.49,59.14,18473.04,30871490.03,9.64,13.52,Series C,FinTech,22,3,3,1,1
339483.84,49.82,195872.6,217365279.07,8.99,9.2,Series A,SaaS,59,5,0,1,0
22459.15,76.93,509862.54,19315787.68,5.35,5.89,Series A,HealthTech,79,2,0,2,0
122310.92,32.27,36579.35,2985672.12,4.78,11.24,Series B,FinTech,15,3,0,0,1
1081205.04,40.1,20099.83,37753579.16,7.02,8.21,Series A,E-Commerce,34,4,1,0,1
192843.31,10.05,1606388.57,213833414.09,1.26,15.38,Series A,FinTech,41,0,0,1,1
33641.16,86.7,178705.95,194614603.17,3.78,17.39,Seed,FinTech,38,5,0,1,1
1231491.4,28.16,4943.54,46862128.68,5.37,10.82,Series B,DeepTech,37,1,3,0,1
503439.34,17.02,111518.07,58546525.81,6.49,5.12,Seed,SaaS,3,5,2,1,0
695125.55,83.19,15706.34,104506140.65,8.73,1.78,Seed,HealthTech,3,3,1,1,0
85933.83,35.54,1998825.51,33781365.79,8.16,6.12,Series B,CleanTech,13,5,3,2,0
5208446.6,24.17,695338.46,455150019.69,6.9,4.66,Series A,EdTech,44,4,0,1,1
9601.91,75.16,428670.74,37890319.92,3.55,5.68,Seed,LogisTech,27,2,0,1,0
5484997.51,16.1,322878.71,36852897.25,8.36,18.6,Series C,EdTech,41,4,3,0,0
3975.86,31.91,48905.2,2496329735.07,8.98,17.78,Series C,E-Commerce,65,1,1,2,0
223677.19,35.97,1273414.17,49103551.9,2.45,11.26,Pre-Seed,E-Commerce,19,4,2,1,1
96697.74,28.98,980469.13,150267819.3,4.9,14.95,Series A,FinTech,70,0,1,1,1
27778.71,47.91,974779.44,14529911.99,2.44,3.28,Seed,FinTech,63,4,1,1,0
390453.56,51.89,642036.28,5112231.99,7.63,9.07,Seed,HealthTech,40,1,0,1,0
2227226.85,47.89,209264.68,375357474.9,8.43,6.07,Pre-Seed,E-Commerce,2,4,3,1,0
155742.56,62.08,387428.98,144140678.2,9.62,16.49,Series C,EdTech,51,4,1,2,1
9774129.36,38.01,128597.8,1058497404.89,5.68,19.5,Seed,HealthTech,67,1,3,0,1
15129313.36,58.4,1234928.5,6791664.11,2.43,19.36,Series C,HealthTech,58,1,1,0,1
15089445.52,69.6,803140.92,42121652.73,4.89,7.72,Series A,E-Commerce,52,0,1,0,1
51142.21,53.94,178686.79,19410063.46,3.73,7.86,Seed,HealthTech,17,0,3,1,0
40508.9,13.58,22052.5,57315557.8,5.37,14.08,Series C,FinTech,66,0,1,0,0
20811.61,43.2,652758.59,57275654.27,9.37,7.67,Seed,FinTech,55,1,3,2,0
341509.47,10.18,304936.65,112594554.98,5.35,8.32,Series C,LogisTech,12,3,2,1,0
11316903.75,41.2,254845.86,96249131.05,2.55,17.01,Series B,SaaS,12,4,0,0,1
99250.04,42.08,34390.52,48390220.16,9.53,9.5,Seed,SaaS,67,1,1,1,1
255455.6,37.4,73257.9,117061454.35,3.06,17.65,Seed,FinTech,44,3,2,0,1
629140.83,8.92,7951.11,76223307.41,9.72,18.66,Seed,CleanTech,24,5,1,1,1
82829.29,13.36,996486.69,2261399.31,4.92,14.97,Pre-Seed,SaaS,55,0,2,1,0
60619.29,21.35,115767.71,53082808.09,9.36,11.59,Pre-Seed,HealthTech,68,1,0,1,0
2418009.16,9.62,15143.29,11514691.17,8.52,2.03,Series B,E-Commerce,4,0,1,1,0
94035.5,72.12,49755.99,738030032.27,1.69,14.65,Series B,FinTech,25,3,2,0,1
4050826.72,52.07,94102.37,5353415.58,5.84,13.27,Series B,E-Commerce,26,2,3,0,1
288629.51,45.1,73717.96,246346200.15,5.21,5.46,Seed,LogisTech,34,1,1,0,0
6726569.8,32.52,50287.72,1526304212.27,4.04,7.76,Seed,EdTech,75,2,2,0,1
21521.13,23.45,2814802.44,304622795.43,6.01,14.77,Series B,CleanTech,14,3,1,1,0
11670597.05,30.34,52533.53,116567414.31,4.21,11.85,Series C,HealthTech,48,5,2,0,1
2511461.47,55.91,126313.26,207984087.42,2.72,10.34,Series B,SaaS,10,1,0,0,1
957607.26,59.19,50776.83,62531104.65,3.5,6.49,Series A,HealthTech,72,1,1,0,1
78258720.6,38.84,197983.92,32056329.24,6.63,17.82,Series C,E-Commerce,33,3,2,0,1
1938009.6,26.75,1791532.17,152824017.54,4.7,12.58,Series A,FinTech,54,2,1,0,1
3915489.01,74.29,190237.26,105292819.6,5.1,7.96,Series C,FinTech,69,3,0,0,1
2649445.18,5.0,62213.58,4541375998.75,5.54,3.53,Series A,CleanTech,69,0,0,1,1
1822252.71,59.6,68534.83,21705194.45,4.66,7.66,Seed,CleanTech,24,4,3,0,1
1775619.19,48.91,202666.21,357520863.37,6.13,6.86,Series A,LogisTech,34,4,2,0,1
245991.91,69.65,51012.0,1132963351.49,8.37,18.11,Series B,HealthTech,25,2,0,0,1
391523.39,34.7,117415.18,116851943.64,9.14,6.41,Pre-Seed,SaaS,57,1,3,1,1
271968.57,13.27,146353.47,26132053.89,5.01,17.91,Seed,SaaS,33,1,3,0,1
366345.41,24.1,1132512.58,1223476901.33,1.48,2.81,Pre-Seed,E-Commerce,42,5,0,1,0
1411471.78,28.85,152073.4,10327781.37,4.28,12.79,Pre-Seed,SaaS,37,4,0,0,1
1067672.39,77.82,121677.41,11485429.33,7.94,5.28,Series B,DeepTech,25,4,3,1,1
410888.25,55.14,2765288.17,51322356.91,1.61,3.88,Seed,E-Commerce,59,2,3,1,0
1404785.78,3.82,581702.2,9705675.15,5.8,18.88,Series B,DeepTech,55,0,0,0,1
4757967.31,29.18,227721.5,29604726.16,2.58,14.33,Seed,CleanTech,29,0,3,0,1
932984.59,4.11,851560.95,571007900.02,1.9,12.08,Pre-Seed,FinTech,68,5,3,0,1
97845.11,20.9,2639168.07,425371875.87,3.55,17.9,Series A,FinTech,8,4,3,1,1
8468282.97,35.73,31108.1,224824409.74,1.59,13.81,Series C,EdTech,60,3,2,0,1
20968255.18,11.51,9865.46,122449924.8,2.64,1.72,Seed,LogisTech,70,3,1,0,0
1530039.72,35.44,270249.36,173027005.98,2.95,3.67,Seed,CleanTech,60,3,0,0,0
1079105.66,34.4,21163.77,414133929.95,7.37,11.15,Series B,E-Commerce,44,4,1,0,0
326126.65,71.29,78943.5,2193308.86,9.22,7.37,Pre-Seed,E-Commerce,13,2,1,1,0
104802.08,39.67,467948.33,80785017.6,1.07,1.9,Series B,HealthTech,50,3,2,1,0
7221.97,31.33,142906.85,54919046.92,4.58,6.74,Series B,HealthTech,57,4,2,1,0
5395072.3,37.48,3452.31,245283346.33,3.03,13.63,Seed,FinTech,34,3,3,0,1
1151610.66,31.23,49311.07,51817421.26,5.55,11.21,Seed,DeepTech,4,1,0,0,0
2719599.97,38.62,18199.0,52788895.99,5.43,0.73,Series B,LogisTech,43,4,0,1,0
2512782.09,18.28,76296.96,6180396.41,9.48,12.07,Series A,HealthTech,27,3,3,1,0
38847503.16,26.36,20676.1,162217105.79,6.97,2.27,Pre-Seed,CleanTech,56,4,3,1,1
4416771.52,34.47,238813.62,598967861.17,3.68,8.24,Series B,EdTech,44,2,3,0,1
184809.91,52.55,750117.47,9194101.81,8.42,12.17,Series B,DeepTech,42,4,2,2,0
890797.38,33.18,43836.16,139971645.99,3.81,18.29,Series C,FinTech,17,5,0,0,1
220579.42,20.32,571335.41,3754937.84,7.7,19.42,Pre-Seed,E-Commerce,73,4,3,1,0
1727534.25,15.94,257402.73,95456043.2,5.4,12.06,Seed,DeepTech,68,4,1,0,1
3997308.76,44.51,86454.05,189030866.48,2.08,9.67,Series B,HealthTech,51,4,2,0,1
3192830.28,62.98,3540258.4,77389167.2,8.0,10.01,Pre-Seed,DeepTech,20,4,1,1,0
427465.71,75.69,38571.89,66510075.34,9.41,10.45,Series C,E-Commerce,2,2,2,1,1
47574487.23,50.53,108077.09,12141047.99,8.54,1.45,Pre-Seed,CleanTech,20,2,3,1,0
117879.37,33.33,35922.14,72221778.31,7.25,15.92,Series A,CleanTech,55,3,1,0,1
6572014.09,65.39,60729.35,97599423.58,5.99,18.62,Series C,HealthTech,41,5,3,0,1
15179467.65,31.43,334071.52,6244968.46,8.87,11.28,Seed,EdTech,20,3,3,1,0
1008717.06,34.42,801532.29,11297945.64,7.67,6.05,Pre-Seed,SaaS,77,0,3,1,0
502538.6,26.51,612221.16,55300441.06,6.52,1.75,Series A,SaaS,58,0,1,1,0
167865.95,11.83,2482829.13,19711265.6,4.01,0.51,Series A,E-Commerce,72,5,2,2,0
2691961.92,27.28,20486.09,20620765.8,8.67,10.01,Series C,FinTech,20,4,3,0,0
901015.24,58.54,94009.77,14987744.74,3.42,16.01,Series C,FinTech,78,3,0,0,1
1288414.12,28.98,41067.46,5315238.66,9.46,18.12,Series A,CleanTech,19,0,1,1,0
12521881.66,20.24,9104.54,37049517.17,2.86,17.53,Pre-Seed,EdTech,63,0,1,0,1
1035953.66,64.58,52933.96,353919412.29,5.45,2.37,Series B,FinTech,43,0,2,1,1
216896.99,97.08,15139.18,41940808.74,1.5,3.96,Series C,LogisTech,45,0,1,0,1
91895.59,18.19,341740.7,307454831.16,8.84,0.31,Series B,DeepTech,5,0,3,2,0
11421313.34,10.97,370649.71,22098121.09,9.5,9.64,Pre-Seed,FinTech,28,2,3,1,1
554392.8,81.42,230008.94,5095766.34,8.04,15.18,Series B,FinTech,26,3,2,0,1
2071451.88,38.66,57785.05,41807775.48,5.26,12.87,Pre-Seed,CleanTech,13,5,3,0,1
93005.4,15.11,47376.1,97685894.09,3.92,19.55,Pre-Seed,CleanTech,20,4,0,0,1
848638.38,31.7,93101.02,168245840.14,4.11,3.43,Seed,CleanTech,39,2,1,0,1
28431731.81,53.44,495208.14,2374089655.91,1.28,5.5,Series C,HealthTech,27,4,2,0,1
508081.74,47.38,11515.33,228393216.87,6.54,15.08,Series A,LogisTech,33,3,3,0,1
2434667.46,47.16,313123.69,21192601.8,3.83,2.34,Seed,EdTech,52,3,2,0,0
4097425.27,63.07,522813.47,19466528.38,7.24,0.79,Pre-Seed,DeepTech,5,0,0,1,0
1914597.16,1.74,64023.71,17569023.01,3.25,6.73,Seed,E-Commerce,53,2,1,0,1
2206331.8,81.71,1367361.47,21924757.01,8.31,10.67,Pre-Seed,FinTech,65,1,1,0,1
2937364.28,31.32,112454.88,109352752.48,9.2,13.05,Series B,FinTech,52,5,3,1,1
592581.36,19.45,489781.73,64359861.58,4.0,8.98,Seed,CleanTech,76,1,0,0,0
3674939.48,55.21,19191.7,45376144.72,3.82,2.84,Pre-Seed,HealthTech,37,0,3,0,0
10271726.86,2.81,373276.11,9343023.99,6.05,2.69,Series C,EdTech,53,1,0,1,0
302029.05,38.59,464798.96,58288596.99,2.78,12.53,Seed,DeepTech,17,5,2,1,1
711753.37,43.07,860922.02,476219883.44,9.9,13.58,Pre-Seed,SaaS,26,5,0,1,1
2625949.47,11.56,546207.53,589441437.35,2.2,6.21,Series C,FinTech,23,2,1,0,1
486653.87,61.36,74309.09,39142850.66,8.03,7.32,Series A,EdTech,51,4,3,1,1
270747.87,78.05,13326.14,25571643.75,4.39,7.26,Series A,DeepTech,60,0,3,0,1
96447.38,42.84,240407.57,38630217.65,1.51,17.37,Pre-Seed,EdTech,11,3,0,1,1
54367.98,36.73,51483.64,23846415.89,7.82,11.65,Series A,LogisTech,7,2,2,1,0
9216640.04,29.41,438615.77,20114575.03,1.96,13.77,Series B,E-Commerce,43,4,1,0,1
318007.97,66.81,79517.07,99950538.2,3.92,2.22,Series C,EdTech,70,5,3,0,0
6156600.7,7.14,78827.97,43206092.78,4.52,15.82,Series B,SaaS,19,1,3,0,1
367735.66,25.59,622557.5,5389516.83,6.44,9.6,Pre-Seed,CleanTech,55,1,1,1,0
708735.02,36.08,259568.03,14079896.89,2.61,4.52,Series A,CleanTech,7,1,2,0,0
5962356.52,50.79,386881.05,24365006.34,8.57,12.35,Seed,HealthTech,42,4,2,0,1
4039.59,32.69,344389.57,434533798.33,9.87,12.8,Seed,HealthTech,68,1,3,2,0
351428.28,47.24,37430.53,175156777.67,4.97,1.3,Series A,E-Commerce,25,3,0,1,0
5399306.7,36.67,121788.8,596970122.39,9.47,9.73,Seed,E-Commerce,58,1,2,1,1
1456507.33,49.93,1801923.65,59752390.38,8.5,6.96,Pre-Seed,E-Commerce,30,5,2,1,0
349376.21,37.91,102435.02,666451011.04,8.11,12.37,Series A,FinTech,53,5,0,0,1
11889129.67,19.66,355946.92,1186446.22,2.54,13.26,Series B,FinTech,32,3,1,0,1
1022785.77,21.21,452532.61,278173152.56,6.31,9.0,Series C,E-Commerce,55,1,2,0,1
51533054.24,13.46,4593.29,87660091.69,5.04,19.61,Series A,CleanTech,61,1,3,0,1
2631244.81,63.26,501313.66,94080441.05,4.77,15.67,Series A,EdTech,6,4,3,0,1
31611.26,16.42,73046.32,90123034.09,7.73,1.06,Series B,FinTech,62,3,1,2,0
175558.91,56.85,48940.48,169811352.15,8.59,4.08,Series C,CleanTech,46,0,1,1,0
41787.87,6.48,83214.2,4907873.13,2.54,17.47,Series C,DeepTech,23,0,1,1,0
912290.96,49.11,61118.8,28783589.12,8.29,2.7,Series C,E-Commerce,28,0,3,1,0
26656.4,30.41,1062322.4,332791211.48,8.08,2.33,Series B,DeepTech,25,4,0,2,0
104489.4,45.75,971538.35,52678592.58,5.07,8.49,Series C,E-Commerce,7,1,1,1,0
359193.54,40.35,172965.39,39268532.95,8.09,10.83,Series B,E-Commerce,15,3,0,0,1
630380.71,64.28,268351.99,1560917.35,8.23,7.47,Series B,E-Commerce,45,4,0,1,0
520659.98,4.22,43208.31,977590741.17,9.69,13.68,Series B,EdTech,44,4,1,1,0
576818.76,16.09,966645.17,9681076.43,3.65,4.32,Seed,EdTech,4,0,3,1,0
48486.47,65.39,635605.39,128273312.35,1.09,8.06,Series C,EdTech,46,2,2,1,0
1535719.05,80.99,155116.04,69046244.87,5.06,8.16,Series A,FinTech,57,0,1,0,1
4357124.31,38.77,165372.27,8850598.67,8.64,0.41,Seed,LogisTech,61,1,2,1,0
8462.76,52.7,233433.96,488657854.09,9.52,10.1,Series A,CleanTech,25,4,3,2,0
142568.07,1.62,41544.21,186277465.94,2.77,8.26,Series B,SaaS,79,1,1,0,0
5511.29,25.54,334873.89,14069523.5,1.23,1.27,Seed,HealthTech,48,3,2,1,0
340609.15,26.15,78634.7,131205725.05,6.46,6.74,Series B,EdTech,5,5,1,0,0
41613.78,29.59,66420.66,50932414.06,9.22,8.31,Pre-Seed,SaaS,11,5,3,2,0
6124893.61,44.77,392622.05,10586861.3,5.55,14.34,Series C,EdTech,20,0,3,0,1
1372156.94,6.09,719590.29,41739290.69,7.52,8.08,Series B,LogisTech,25,1,3,0,0
466660.87,25.63,2516.04,13938851.98,2.09,8.52,Series B,EdTech,24,5,1,0,1
149596.24,46.7,213102.71,114897310.74,7.73,3.94,Pre-Seed,DeepTech,29,2,1,2,0
1933030.2,23.25,246219.02,1405117492.47,9.09,3.29,Series C,FinTech,38,4,0,1,0
382933.73,31.15,58115.74,375986607.64,2.29,17.16,Seed,E-Commerce,30,2,2,0,1
1762.36,28.05,77310.39,858971701.72,4.63,2.74,Seed,FinTech,59,4,0,2,0
3387821.18,45.25,1425231.67,32940422.42,1.36,2.46,Series C,CleanTech,72,2,1,0,1
72232.74,34.06,62476.46,45675504.84,9.94,2.54,Seed,LogisTech,76,4,0,2,0
218989.96,41.03,8889290.84,75961233.35,9.28,0.98,Series B,E-Commerce,35,3,1,2,0
479931.37,45.03,83144.35,11001313799.93,2.3,18.41,Series C,EdTech,64,3,1,0,1
52110991.01,42.58,55444.77,852608244.03,6.09,12.98,Seed,EdTech,78,3,2,0,1
1051972.9,55.79,187701.3,234344955.65,4.21,0.15,Series B,FinTech,16,3,3,1,1
82015.09,51.35,60303.98,66074870.99,9.48,10.54,Series B,FinTech,3,4,1,1,0
